{
    "0": {
        "precision": 0.9997361756015196,
        "recall": 0.9995955261676984,
        "f1-score": 0.99966584593739,
        "support": 56864.0
    },
    "1": {
        "precision": 0.7830188679245284,
        "recall": 0.8469387755102041,
        "f1-score": 0.8137254901960784,
        "support": 98.0
    },
    "accuracy": 0.9993328885923949,
    "macro avg": {
        "precision": 0.891377521763024,
        "recall": 0.9232671508389513,
        "f1-score": 0.9066956680667342,
        "support": 56962.0
    },
    "weighted avg": {
        "precision": 0.9993633253478006,
        "recall": 0.9993328885923949,
        "f1-score": 0.999345945743179,
        "support": 56962.0
    }
}